seg,Freq
李文亮,448
疫情,205
医生,182
感染,146
我们,132
肺炎,130
表示,108
武汉,99
武汉市,89
新型,85
中心医院,84
一个,79
记者,78
冠状病毒,76
工作,74
消息,73
确诊,66
去世,65
自己,65
医院,63
没有,62
防控,59
哀悼,53
发布,53
抗击,47
这个,47
新冠,46
病例,45
什么,43
不幸,41
国家,41
凌晨,41
病毒,40
信息,40
眼科医生,39
妻子,38
一线,38
患者,37
希望,36
现在,36
眼科,36
他们,35
检测,34
爱尔,33
全力,33
微博,33
接受,32
抢救无效,32
情况,32
健康,31
防护,30
已经,30
病人,29
吹哨,29
孩子,29
家人,29
开始,29
医务人员,29
中国,29
社会,27
生活,27
因为,27
大家,26
人民,26
结果,25
微信,25
t生,25
英雄,25
出现,24
当时,24
湖北,24
时候,24
训诫,24
一直,24
不是,23
湖北省,23
媒体,23
目前,23
抢救,23
同学,23
员工,23
发生,22
官方,22
问题,22
不能,21
城市,21
很多,21
就是,21
时间,21
发出,20
进行,20
如果,20
死亡,20
同事,20
应该,20
采访,19
出院,19
父母,19
关爱,19
关于,19
还是,19
家属,19
救治,19
提醒,19
治愈,19
发热,18
方面,18
工作者,18
计划,18
累计,18
朋友圈,18
需要,18
正在,18
之后,18
住院,18
注意,18
病情,17
沉痛,17
经济,17
口罩,17
留下,17
全面,17
深表,17
慰问,17
喜欢,17
新增,17
一位,17
有关,17
悼念,16
儿子,16
个人,16
今天,16
企业,16
生命,16
为什么,16
卫生,16
新闻,16
怎么,16
只是,16
最后,16
左右,16
报道,15
报告,15
敬意,15
临床,15
普通人,15
人们,15
深切,15
网络,15
委员会,15
预警,15
最早,15
最终,15
保障,14
不实,14
服务,14
还有,14
截至,14
决定,14
期间,14
其中,14
确认,14
任何,14
逝世,14
文字,14
医务,14
战胜,14
症状,14
知道,14
专业,14
组织,14
保护,13
北京,13
不会,13
此前,13
对此,13
公司,13
冠畈《,13
核酸,13
觉得,13
介绍,13
精神,13
普通,13
群里,13
涉及,13
市场,13
所有,13
泰,13
同时,13
卫健委,13
显示,13
相关,13
谣言,13
一天,13
这是,13
打赢,12
发现,12
公众,12
活动,12
截图,12
今日,12
咳嗽,12
离开,12
南方周末,12
朋友,12
启动,12
群众,12
然后,12
上午,12
市民,12
提供,12
调查,12
武汉大学,12
一名,12
照片,12
之一,12
治疗,12
本人,11
但是,11
发布会,11
反思,11
进一步,11
那么,11
声音,11
收治,11
所以,11
痛惜,11
下午,11
阳性,11
一些,11
医师,11
依然,11
只有,11
重症,11
做好,11
北京市,10
必须,10
诚挚,10
得知,10
第一,10
电话,10
非常,10
付雪洁,10
告诉,10
隔离,10
公布,10
关注,10
家,10
后来,10
集团,10
坚守,10
警方,10
警示,10
李医生,10
那座,10
奇迹,10
_\,10
通报,10
通过,10
通知,10
万元,10
武h,10
协会,10
一种,10
影响,10
这场,10
这里,10
这样,10
这种,10
支持,10
致敬,10
终于,10
包括,9
成为,9
出来,9
处理,9
存在,9
大夫,9
大概,9
发文,9
过程,9
华南,9
回复,9
火神,9
接触,9
街道,9
救助,9
看到,9
康复,9
抗,9
抗疫,9
临床试验,9
面对,9
那天,9
派出,9
派出所,9
辟谣,9
平凡,9
平台,9
全国,9
人民日报,9
人员,9
社交,9
身体,9
深夜,9
事情,9
视频,9
受到,9
我,9
校友,9
医护人员,9
疑似病例,9
有人,9
原因,9
这些,9
支付,9
治愈率,9
重要,9
阻击战,9
尊重,9
不凡,8
不过,8
不明,8
此次,8
反映,8
分型,8
复工,8
感到,8
更好,8
管理,8
海鲜,8
基金,8
及时,8
监察,8
接诊,8
开展,8
可以,8
了解,8
了吗,8
能力,8
你们,8
其他,8
强调,8
全体,8
人力资源,8
调查组,8
图片,8
外界,8
惋惜,8
网上,8
网站,8
武h市,8
一条,8
院区,8
这么,8
针对,8
正常,8
政府,8
治理,8
中央,8
最高,8
昨晚,8
并非,7
并未,7
玻璃,7
不好,7
不可,7
不想,7
部分,7
崇高,7
大学毕业,7
当前,7
得到,7
第二天,7
对于,7
多家,7
发布公告,7
发展,7
肺部,7
奋战,7
复产,7
赶快,7
感觉,7
公告,7
关心,7
广大,7
还好,7
害怕,7
好好,7
后湖,7
恢复,7
回到,7
机制,7
纪念,7
继续,7
津贴,7
聚餐,7
科室,7
来自,7
联防,7
联控,7
两个,7
旅客,7
密切接触,7
明天,7
年轻人,7
平安,7
确定,7
群众反映,7
人民政府,7
如此,7
如何,7
如下,7
瑞德,7
筛查,7
上班,7
送别,7
网友,7
文章,7
物资,7
西韦,7
现有,7
新华社,7
许可证,7
选择,7
学费,7
眼科医院,7
一次,7
一份,7
一句,7
医疗,7
疑似,7
以来,7
应对,7
有些,7
责任,7
这次,7
真话,7
直到,7
中,7
中青报,7
中青网,7
子女,7
作为,7
作用,7
安排,6
本次,6
病变,6
病魔,6
博里,6
不要,6
采取,6
称为,6
处于,6
传人,6
春运,6
当天,6
而且,6
防o,6
防疫,6
夫人,6
各地,6
各种,6
更加,6
挂念,6
官员,6
国务院,6
机会,6
加快,6
坚决,6
今年,6
金银,6
进出口,6
抗病毒,6
可能,6
肯定,6
临床医学,6
领导,6
流传,6
命运,6
母亲,6
那时,6
内容,6
批准,6
七年,6
圈里,6
然而,6
人道,6
认识,6
日本,6
甚至,6
生产线,6
生前,6
生日,6
声明,6
事件,6
是因为,6
逃兵,6
特别,6
跳动,6
投入,6
推出,6
完全,6
万分,6
我院,6
媳妇,6
小时,6
形式,6
药物,6
一定,6
一起,6
一张,6
医护,6
医疗机构,6
医学观察,6
依恋,6
遗憾,6
余年,6
造成,6
怎样,6
之所以,6
值得,6
指标,6
置信度,6
中午,6
中心t院,6
资助,6
字节,6
最初,6
最新消息,6
作出,6
保险,5
悲伤,5
悲痛,5
北京青年报,5
毕竟,5
毕业,5
避免,5
表达,5
病房,5
病逝,5
病危,5
不幸逝世,5
才能,5
财经,5
参加,5
承担,5
持续,5
传出,5
此外,5
大意,5
担心,5
单位,5
当初,5
的话,5
第二次,5
多名,5
而是,5
二老,5
l布,5
费用,5
个省,5
各级,5
根据,5
观察,5
观察报,5
官网,5
过去,5
核实,5
很快,5
红十字,5
呼吸,5
呼吸科,5
呼吸困难,5
基本,5
基金会,5
疾病,5
监护室,5
检查,5
见到,5
今晨,5
尽管,5
进入,5
近日,5
具体,5
捐款,5
科学,5
困扰,5
两天,5
聊天,5
留言,5
蔓延,5
]有,5
没想到,5
美国,5
门诊,5
敏锐,5
那个,5
男孩,5
能够,5
年轻,5
判断,5
期待,5
起来,5
切实做好,5
亲人,5
青光眼,5
秋天,5
求助,5
求助信,5
全,5
全市,5
群体性,5
群,5
如今,5
厦门,5
申领,5
申请,5
神山,5
升级,5
失去,5
实事求是,5
世界,5
世界卫生组织,5
事实,5
是不是,5
手机,5
随后,5
态度,5
讨论,5
特殊,5
外传,5
晚上,5
为了,5
违法行为,5
l健委,5
无数,5
相继,5
相信,5
写下,5
谢谢,5
新疆生产建设兵团,5
宣布,5
学习,5
严峻,5
言论,5
宴席,5
要求,5
一场,5
一,5
一路,5
一面,5
一切,5
一,5
一样,5
一则,5
医者,5
t,5
已,5
以下,5
意义,5
因此,5
引发,5
印发,5
永远,5
院长,5
造谣,5
战斗,5
这位,5
这座,5
诊断,5
正是,5
直辖市,5
直至,5
职业,5
至今,5
重点,5
专属,5
转发,5
准确,5
自治区,5
最大,5
最近,5
爱人,4
安危,4
按摩,4
爸爸,4
帮助,4
保证金,4
报名,4
蟮,4
蟾,4
别的,4
殡仪馆,4
病毒性,4
补充,4
不仅,4
不同,4
沉默,4
充满,4
处罚,4
穿着,4
传播,4
创新,4
此后,4
措施,4
错峰,4
大理,4
{查,4
{查M,4
恶化,4
发病,4
发烧,4
返程,4
防护服,4
付出,4
负责人,4
复杂,4
改建,4
感谢,4
告慰,4
隔离病房,4
人,4
更新,4
功能,4
共克,4
共同,4
鼓励,4
关键时期,4
过来,4
行动,4
行为,4
行业,4
行者,4
河南,4
后续,4
花束,4
怀孕,4
怀着,4
环境,4
会上,4
积极,4
积雪,4
及其,4
急性,4
记大功,4
加强,4
家里,4
家庭,4
价值,4
监管局,4
O委,4
降低,4
交通运输,4
角度,4
结果显示,4
经历,4
颈椎病,4
警告,4
敬佩,4
救死扶伤,4
局局长,4
据悉,4
捐赠,4
捐助,4
Q定,4
可惜,4
扩散,4
来源,4
姥姥,4
累,4
李峥,4
联系,4
良知,4
令人,4
流露,4
旅行社,4
履行,4
马上,4
媒体报道,4
媒w,4
每人,4
美好,4
门口,4
民航局,4
明白,4
排除,4
配合,4
批评,4
披露,4
评论,4
牵动,4
签字,4
前线,4
前,4
切实,4
情绪,4
全身心,4
热爱,4
人工,4
人生,4
人士,4
人物,4
人之常情,4
仍然,4
日晚,4
撒谎,4
上报,4
舍小家,4
社会各界,4
身边,4
身体健康,4
深刻,4
十分,4
时艰,4
食欲,4
使用,4
刷屏,4
所有人,4
所在,4
太快,4
特效药,4
提出,4
提高,4
提及,4
提示,4
体温,4
同学们,4
同志,4
痛苦,4
透露,4
突然,4
外地,4
f元,4
网传,4
忘记,4
微博上,4
位因,4
温柔,4
稳定,4
},4
无法,4
武大,4
吸氧,4
现场,4
想起,4
项目,4
肖战,4
小区,4
谢谢你们,4
形势,4
学生,4
迅速,4
严厉打击,4
验收,4
央视,4
药剂,4
依法,4
t杖T,4
移交,4
因,4
阴性,4
英勇,4
影像,4
勇敢,4
由于,4
有点,4
有P,4
有力,4
A警,4
原来,4
运输,4
灾难,4
再次,4
在内,4
在于,4
暂退,4
赞扬,4
召开,4
这份,4
真实,4
之前,4
只能,4
指导,4
致病性,4
中日友好医院,4
中心,4
钟南山,4
周围,4
逐步,4
主动,4
专家,4
自我,4
做出,4
爱乐维,3
安慰,3
按照,3
摆放,3
版权,3
包机,3
爆发,3
闭角型,3
编辑,3
变得,3
标题,3
K向,3
病情恶化,3
病原体,3
不得,3
不顾,3
不^,3
不久,3
不畏艰险,3
不愿,3
不在,3
财新,3
财政部,3
采用,3
曹彬,3
产险,3
场所,3
尘埃落定,3
成功,3
乘车,3
程度,3
\,3
出F,3
出于,3
传唤,3
春节假期,3
从来,3
从来没,3
大幅,3
大学,3
代价,3
担当,3
当晚,3
地方,3
地区,3
第三批,3
典型,3
东北,3
东京,3
东西,3
对话,3
多发,3
二胎,3
发给,3
发言,3
l出,3
lF,3
法律,3
法治,3
方式,3
防护用品,3
防止,3
非典,3
风险,3
符合,3
父亲,3
负担,3
负责,3
该院,3
杠杆,3
高度,3
给予,3
更早,3
公安机关,3
关怀,3
广泛,3
规定,3
规范,3
还要,3
还原,3
海外,3
好人,3
好转,3
痕迹,3
轰炸机,3
互联网,3
欢迎,3
谎言,3
回来,3
回应,3
或许,3
获悉,3
机构,3
极大,3
即便,3
记录,3
祭奠,3
加大,3
加入,3
加重,3
艰巨,3
艰难,3
监测,3
监委,3
检出,3
检省,3
减少,3
建议,3
结合,3
结束,3
尽快,3
近一半,3
经过,3
救助金,3
橘子,3
据说,3
军队,3
考虑,3
恪尽职守,3
客户端,3
客流,3
控制,3
款图,3
扩大,3
来得,3
栏目,3
离世,3
李微,3
李文亮育,3
理解,3
理赔,3
立即,3
联谊会,3
列入,3
流程,3
流量,3
楼前,3
落叶,3
旅游,3
慢慢,3
没能,3
美食,3
免职,3
面前,3
名字,3
魔鬼,3
难过,3
娘家,3
努力,3
偶尔,3
配上,3
平凡人,3
其实,3
祈祷,3
企业家,3
,3
前来,3
前一天,3
救o效,3
清楚,3
请示,3
取得,3
去年,3
群体,3
人群,3
人数,3
仁心,3
认为,3
日报,3
日前,3
日子,3
如常,3
入院,3
沙龙,3
商务部,3
上汽,3
哨声,3
设备,3
社区,3
社群,3
身上,3
深感,3
生命安全,3
生命垂危,3
时常,3
时说,3
实录,3
实施,3
世界l生M,3
世上,3
世卫,3
市场监管,3
似乎,3
事功,3
视听,3
是从,3
是否,3
逝者,3
首例,3
授权,3
树立,3
双肺,3
水果,3
说法,3
思考,3
速度,3
虽然,3
所写,3
他的,3
他发,3
逃避,3
特朗普,3
提升,3
体系,3
体重,3
天后,3
调侃,3
调整,3
跳,3
听到,3
停跳,3
通用五菱,3
同W,3
同,3
头条,3
头像,3
团结一致,3
顽强,3
晚间,3
万个,3
万人次,3
万众一心,3
网民,3
危险,3
微信群,3
唯一,3
未曾,3
慰,3
文化,3
我国,3
无偿,3
下降,3
下属,3
@示,3
献花,3
襄阳,3
想到,3
写着,3
心脏,3
心中,3
新华网,3
新闻周刊,3
幸福,3
休息,3
询问,3
严禁,3
盐水鸭,3
夜班,3
一段,3
一年,3
一批,3
依旧,3
依据,3
遗物,3
以后,3
以前,3
亿元,3
迎难而上,3
幽默,3
尤其,3
邮轮,3
游轮,3
有时,3
有时候,3
舆论,3
予以,3
预计,3
允许,3
在线教育,3
暂时,3
暂未,3
遭遇,3
战略,3
战友,3
找到,3
这边,3
这条,3
真的,3
真相,3
真正,3
征集,3
整个,3
正义,3
郑重,3
症,3
支队,3
直言,3
指挥部,3
致电,3
致以,3
滞留,3
中国女篮,3
中国青年报,3
中新网,3
忠于职守,3
众人,3
重大贡献,3
重视,3
重新,3
周超,3
主任,3
转产,3
转到,3
姿态,3
Y助,3
自身,3
字,3
总局,3
走好,3
最好,3
最新,3
尊严,3
昨夜,3
阿拉伯半岛,2
爱尔人,2
,2
安全,2
安息,2
奥运会,2
摆放着,2
办公,2
办公厅,2
保持足够,2
保罗,2
保证,2
报考,2
报销,2
抱薪者,2
抱怨,2
北里,2
北镇,2
被叫,2
比较,2
比较慢,2
必要,2
毙于,2
变白,2
变成,2
便利,2
便是,2
标准,2
病毒感染,2
病毒信息,2
病区,2
病死率,2
病有,2
补助,2
a充,2
不到,2
不该,2
不够,2
不及,2
不经,2
不良,2
不怕,2
不让,2
不热,2
不少,2
不停,2
不像会,2
不用,2
不再,2
部门,2
才华,2
财政,2
餐饮,2
惨重,2
侧个,2
层面,2
曾经,2
产能,2
常青,2
场景,2
唱道,2
超出,2
超过,2
超^,2
超越,2
车厘子,2
彻夜难眠,2
呈现,2
承诺,2
程序,2
吃不起,2
吃饭,2
吃货,2
出生,2
出租车,2
初期,2
除了,2
处分,2
传达,2
传递,2
传染病,2
创业者,2
此时,2
从天而降,2
错误,2
达到,2
答案,2
打过,2
打开方式,2
打扰,2
打算,2
打印,2
打A,2
大队,2
大街,2
大考,2
大作,2
代表,2
代为,2
带来,2
当日,2
r,2
党委,2
道歉,2
德,2
登记,2
等央媒,2
地步,2
地产,2
地利,2
地为,2
第一批,2
第一项,2
巅峰,2
点多,2
电影,2
电子产品,2
电子秤,2
吊销执照,2
定点,2
定位,2
董秘,2
动漫,2
动容,2
动态,2
督促,2
短暂,2
对方,2
对疾控,2
对外,2
Υ,2
多巴胺,2
多次,2
多个,2
多少,2
多事,2
多天,2
多些,2
夺走,2
恶意,2
噩耗,2
发到,2
发微博,2
发言人,2
l,2
法律责任,2
凡人,2
繁杂,2
返岗,2
范围,2
方法,2
防范,2
防线,2
仿佛,2
放松,2
放心,2
飞行,2
分流,2
分泌,2
分娩,2
分批,2
分享,2
分支,2
分钟,2
奋斗,2
^,2
风雪,2
风雨,2
封闭式,2
疯狂,2
服务质量,2
附注,2
赋予,2
赶到,2
赶往,2
感染率,2
感叹,2
干嘛,2
刚刚,2
岗位,2
高度重视,2
高,2
歌里,2
个人所得税,2
个体,2
各类,2
各自,2
跟着,2
更是,2
工具,2
工作人员,2
公道,2
公共,2
公共交通,2
公司员工,2
公主,2
骨灰,2
关键词,2
关系,2
官微,2
P,2
PIr期,2
管理局,2
冠状,2
灌饼,2
广东,2
广西,2
过不来,2
还会,2
海南省,2
海上,2
毫不,2
好吃,2
好听,2
好像,2
号院,2
号召,2
河南省,2
很大,2
t十字,2
后果,2
后面,2
后台,2
厚爱,2
厚生,2
呼吁,2
忽然,2
A盛D],2
怀疑,2
灰色,2
回答,2
回家,2
回升,2
回忆,2
会议,2
活着,2
或早或晚,2
或者,2
获得,2
机动,2
鸡蛋,2
积极探索,2
基地,2
基金,2
及r,2
急诊科,2
疾控,2
疾控中心,2
籍贯,2
几乎,2
几天,2
几位,2
记住,2
技能,2
加上,2
加油,2
家,2
家中,2
假期,2
假消息,2
坚定信心,2
O察,2
简单,2
zy,2
建成,2
将近,2
讲述,2
奖励,2
交付,2
交还,2
交通部,2
较量,2
教授,2
教训,2
阶段,2
接过,2
接下来,2
街头,2
解除,2
今天上午,2
紧急,2
紧急通知,2
锦州市,2
谨慎,2
尽力,2
尽情,2
M行,2
经费,2
经营,2
惊悉,2
警讯,2
纠正,2
酒店,2
救人,2
就诊,2
就职,2
拘留,2
居家,2
居民小区,2
居然,2
举措,2
举行,2
巨大,2
聚集,2
聚力,2
绝对,2
卡片,2
卡特,2
开启,2
看病,2
看得清,2
看过,2
看见,2
扛不住,2
可爱,2
可贵,2
可敬,2
可靠消息,2
客流量,2
恐怕,2
扣留,2
困难,2
拉伊,2
蜡笔小新,2
浪漫,2
劳动,2
老家,2
老子,2
乐观,2
离去,2
李文,2
理科生,2
理论,2
两年,2
亮相,2
辽宁省,2
列装,2
灵活,2
另据,2
另外,2
留在,2
流行,2
旅游部,2
率先,2
绿光,2
绿色通道,2
R砦,2
满怀,2
满足,2
漫画,2
没挺,2
每个,2
每经,2
每日,2
每天,2
免征,2
描绘,2
民航,2
鸣不平,2
膜肺,2
陌生人,2
某种,2
目标,2
哪怕,2
那边,2
那家,2
那首,2
那些,2
那样,2
男人,2
南京路,2
内科,2
内科主任,2
能否,2
女性,2
排查,2
培训,2
配偶,2
配置,2
碰到,2
批,2
片段,2
频频,2
平常心,2
平均,2
平时,2
破碎,2
普普通通,2
期盼,2
齐心协力,2
其冻,2
企稳,2
起到,2
,2
牵念,2
谦和,2
签发,2
签名,2
前后,2
前两天,2
前提,2
潜力,2
清晨,2
情r,2
区域,2
驱车,2
全力支持,2
全民,2
全w,2
确保,2
确证,2
群里发,2
群中,2
热爱生活,2
人间,2
人买,2
人民币,2
人为,2
人心,2
任务,2
日常,2
日起,2
日向,2
容易,2
瑞安,2
赛跑,2
三级,2
三级预防,2
三局,2
杀死,2
⑺,2
删除,2
擅自,2
上,2
上海,2
上海市人民政府,2
上门,2
上面,2
尚未,2
哨子,2
设计,2
设立,2
社厅,2
身故,2
身体状况,2
身心健康,2
什么样,2
沈阳,2
生产,2
生于,2
省份,2
胜利,2
尸体,2
十六,2
时代,2
实际,2
实名,2
实验室,2
rg,2
世纪,2
世间,2
收到,2
守护,2
首次,2
首先,2
受到感染,2
书记,2
书为,2
抒情,2
熟知,2
鼠疫,2
水果市场,2
说出,2
司长,2
私信,2
死讯,2
四大,2
送入,2
素养,2
随即,2
他用,2
太高,2
太贵,2
太太,2
提问,2
提早,2
体会,2
体验,2
天r,2
天堂,2
天职,2
条件,2
条为,2
调查核实,2
听从,2
停止,2
挺身而出,2
通报会,2
通报批评,2
通告,2
通惠河,2
同比,2
同为,2
同学会,2
同样,2
统筹,2
投资人,2
团结一心,2
推特上,2
拖鞋,2
完成,2
完会,2
顽强拼搏,2
挽救,2
晚会,2
万人,2
W站,2
威胁,2
微博下,2
微博中,2
违法,2
委屈,2
委T,2
未出,2
未经,2
未能,2
位于,2
畏惧,2
l生,2
温和,2
瘟疫,2
我委特,2
卧床,2
污水处理,2
无比,2
无纸化,2
吴士君,2
武汉市公安局,2
习惯,2
习近平,2
系统,2
辖区,2
下床,2
下面,2
鲜花,2
现代化,2
现实,2
线索,2
宪法,2
乡下,2
响应,2
想过,2
想将来,2
想想,2
向上,2
向外,2
小汤山,2
小组,2
写道,2
写给,2
心理,2
心理压力,2
心情,2
心跳,2
心愿,2
新发,2
新华,2
信念,2
信息源,2
信心,2
信源,2
形容,2
兴奋,2
性肺炎,2
性命,2
凶猛,2
胸闷,2
雄鹰,2
虚假,2
],2
淹没,2
严格,2
研发,2
研究,2
乐,2
眼科t生,2
眼泪,2
验证,2
央视网,2
样子,2
也许,2
一般,2
一遍,2
一点,2
一度,2
一顿,2
一股,2
一级,2
一口,2
一千万,2
一首,2
一首歌,2
一岁,2
一下,2
一心,2
一夜,2
医保,2
医学,2
医院院长,2
t院,2
已于,2
以及,2
以上,2
亿万,2
义不容辞,2
意见,2
意料之中,2
意思,2
意外,2
意味着,2
因素,2
引导,2
英国队,2
赢得,2
应急,2
应有,2
,2
勇气,2
勇士,2
勇于,2
用工,2
优化,2
优势,2
优秀,2
有孕,2
有着,2
又说,2
语气,2
c此同r,2
预防,2
原本,2
T工,2
缘故,2
远程,2
院士,2
约翰,2
越大,2
孕期,2
杂志,2
咋办,2
在,2
在线,2
暂名,2
暂停,2
早晨,2
早上,2
造作,2
怎么样,2
增加,2
炸鸡腿,2
战斗力,2
战疫,2
张定宇,2
丈母娘,2
招聘,2
照,2
照料,2
这才,2
这封,2
这件,2
这时,2
这一,2
@是,2
着急,2
诊治,2
争取,2
争议,2
征用,2
整件事,2
整理,2
整体,2
正式,2
正月,2
证明,2
证券部,2
证券时报,2
证实,2
郑州,2
政策,2
政策措施,2
之处,2
之日起,2
之树,2
支队长,2
支援,2
知情,2
直接,2
直面,2
指引,2
制度,2
致残,2
中建,2
中西医,2
中央财政,2
中央纪委,2
中央o委,2
众志成城,2
重大,2
周五,2
主观,2
主官,2
主题,2
主要,2
助力,2
住进,2
住院治疗,2
注明,2
注意安全,2
专业人士,2
转报,2
追踪,2
准备,2
咨询,2
资金,2
资料,2
自发,2
自拍,2
自述,2
自诩,2
自有,2
总统,2
走向,2
阻,2
钻石,2
昨天,2
作者,2
哀伤,1
哀痛,1
爱好者,1
爱心,1
安好,1
安康,1
安全事件,1
安慰剂,1
安心,1
安置,1
按压,1
案例,1
澳门特别行政区,1
八宝山,1
八点,1
把握,1
把握住,1
爸妈,1
白宫,1
白岩松,1
白衣,1
百视通,1
柏拉图,1
班级,1
办公室,1
半场,1
半程,1
半天,1
包含,1
包容,1
饱和度,1
宝贵时间,1
保持,1
保护意识,1
保o,1
保留,1
保密,1
保险公司,1
保险机构,1
抱以,1
笊,1
暴发,1
爆点,1
爆火,1
悲哀,1
悲愤,1
悲剧,1
悲情,1
悲恸,1
北方,1
北区,1
北太平庄,1
北苑路,1
背后,1
被忽视,1
被誉为,1
奔走相告,1
本科,1
本来,1
本能,1
本身,1
本意,1
本月,1
崩溃,1
迸发,1
蹦出来,1
逼咒,1
比分,1
比较稳定,1
比如,1
比赛,1
比喻,1
彼时,1
笔试,1
必不可少,1
必将,1
毕业生,1
]角型,1
避开,1
避难,1
编者按,1
变化,1
变老,1
便签,1
辩护,1
标志性,1
表明,1
表述,1
表F,1
e人,1
冰冷,1
并不知道,1
并称,1
并且,1
并于,1
K且,1
K住,1
病,1
病床,1
病毒鞑,1
病好,1
病后,1
病患,1
病情严重,1
病重,1
拨打,1
拨通,1
波澜,1
波折,1
博士,1
博主,1
搏斗,1
搏击,1
搏杀,1
补偿金,1
捕捉,1
不爱,1
不成想,1
不但,1
不得不,1
不,1
不负使命,1
不高,1
不,1
不管怎么,1
不经意,1
不堪设想,1
不了,1
不利於,1
不乱的,1
不能平静,1
不如,1
不时,1
不,1
不思悔改,1
不太,1
不信,1
不朽,1
不因,1
不早,1
不折不扣,1
不知不觉,1
不足,1
部将,1
部署,1
擦脸,1
材料,1
财富,1
财政金融,1
,1
采L,1
菜奶,1
参考消息,1
参与,1
参照,1
灿烂,1
仓促,1
苍白,1
苍老,1
藏匿,1
曾光,1
插管,1
诧异,1
差错,1
差距,1
柴米油盐,1
产生,1
颤抖,1
常常,1
常,1
常年,1
常晒,1
常识,1
厂房,1
场中,1
超级,1
超市,1
朝阳区,1
车间,1
车里,1
车辆,1
车厢,1
彻底,1
沉重,1
陈晓卿,1
Q,1
成本,1
成的,1
承办,1
承建,1
承建方,1
承认,1
承受,1
城建局,1
城市道路,1
城镇,1
惩治,1
澄清,1
吃不下,1
吃喝,1
驰援,1
赤子之心,1
冲在,1
充分说明,1
充沛,1
充塞,1
憧憬,1
崇尚,1
出发,1
出发点,1
出口,1
出去,1
出色,1
出台,1
出线,1
出新,1
初恋,1
初现,1
除去,1
处置,1
理,1
於,1
穿戴,1
传播者,1
传来,1
传媒,1
传染,1
传染性,1
传闻,1
传谣,1
传真,1
船上,1
,1
魅,1
床上,1
吹响,1
锤子,1
词汇,1
慈云寺,1
此刻,1
此类,1
此起彼伏,1
此生,1
次日,1
刺耳,1
匆忙,1
从不,1
从而,1
从来不,1
从未,1
从业,1
从业者,1
从众,1
从重,1
从重从快,1
,1
促进,1
猝不及防,1
崔建宏受,1
催剧,1
存储,1
存活,1
存量,1
错了,1
_到,1
答卷,1
打电话,1
打好,1
打击,1
打进,1
打开,1
打通,1
打响,1
打字,1
大队长,1
大风,1
大汉,1
大局观,1
大理市,1
大拇指,1
大小便,1
大兴区,1
大学本科,1
大中小学,1
代建,1
代建方,1
带回,1
待遇,1
戴着,1
担责,1
单薄,1
挝,1
箪食瓢饮,1
但愿,1
淡忘,1
弹性,1
当代,1
当地,1
当红,1
当然,1
当做,1
年,1
前,1
挡住,1
党员,1
党总支,1
导入,1
导演,1
导致,1
到达,1
到家国,1
到来,1
到位,1
道德感,1
道理,1
道路,1
得以,1
得益於,1
的确,1
的人,1
的是,1
的颜,1
灯火,1
登陆,1
等待,1
等来,1
等线,1
低等,1
敌人,1
抵达,1
地配,1
地铁,1
地,1
地想,1
地向,1
弟弟,1
第三次,1
第一次,1
第一个,1
第一声,1
第一天,1
第一线,1
掂量,1
点滴,1
点评,1
点起,1
点赞,1
c多,1
电脑,1
电子,1
电子邮件,1
垫付,1
惦念,1
吊唁,1
跌宕,1
叠加,1
丁香,1
丁舟洋,1
定向,1
定义,1
东坝,1
东城区,1
东方,1
东升,1
董事L,1
董事长,1
动线,1
动用,1
动员,1
洞彻,1
都市报,1
斗士,1
斗争,1
毒株,1
读到,1
读书,1
读者,1
堵车,1
度过,1
度假,1
短板,1
短短,1
短缺,1
短信,1
段时间,1
断定,1
断章取义,1
对岸,1
对待,1
对接,1
对抗,1
对手,1
对象,1
对照,1
对症,1
抗,1
ν,1
多方,1
多年,1
多人,1
多日,1
多束,1
多万,1
夺去,1
俄国防部,1
俄空,1
俄罗斯国防部,1
鄂州市,1
遏制,1
恩爱,1
恩施州,1
儿童,1
而后,1
而生,1
而已,1
耳膜,1
二是,1
二维码,1
发表,1
发布者,1
发慌,1
发酵,1
发起,1
发消息,1
发在,1
l表,1
l_家,1
l了l,1
l,1
l生,1
l送,1
l展,1
法从,1
法对,1
法m克福,1
法理,1
法治化,1
凡事,1
反常,1
反恐,1
反省,1
反问,1
返还,1
返回,1
范畴,1
方案,1
方鸥,1
方向,1
防渗膜,1
防治,1
放出,1
放下,1
飞行高度,1
飞机,1
非常态,1
非法交易,1
肺泡,1
分别,1
分隔,1
分类,1
分离,1
分x,1
分社,1
分为,1
分许,1
分诊,1
纷坛,1
纷至沓来,1
,1
丰富,1
封笔,1
封路,1
封信,1
奉献,1
奉献精神,1
否认,1
否则,1
服务中心,1
服,1
福特,1
抚恤,1
俯下,1
辅助,1
付出代价,1
负面,1
附近,1
复合,1
复兴门外,1
,1
副部长,1
}s,1
覆盖,1
该类,1
改变,1
改成,1
改造,1
敢于,1
感到痛心,1
感到遗憾,1
感恩,1
感染者,1
感受,1
干部,1
干透,1
刚才,1
港澳台地区,1
港口,1
高碑店,1
高贵,1
高考,1
高校,1
高志,1
高姿态,1
搞错,1
告诫,1
告知,1
咯吱咯吱,1
革委会,1
格林,1
个案,1
个别,1
各大,1
各方,1
各行各业,1
各界,1
各省,1
各位,1
各项,1
省,1
给付,1
耿耿于怀,1
哽咽,1
更爱,1
更大,1
更该,1
更能,1
更深,1
更文,1
更细,1
更响,1
更要,1
更易,1
更准,1
工时,1
工资,1
工作岗位,1
工作力度,1
工作人T,1
公安部门,1
公共利益,1
公共卫生,1
公号,1
公交车,1
公开,1
公正,1
公职人员,1
公,1
功德,1
功能区,1
共同体,1
供求信息,1
供需,1
供应商,1
孤胆,1
固执己见,1
故事,1
拐点,1
关闭,1
关机,1
关键,1
关键环节,1
关切,1
观音寺,1
官T,1
P心,1
P於,1
^察,1
管处,1
管好,1
光来,1
广电总局,1
广东省,1
广东省政府,1
广州,1
V大,1
归来,1
规矩,1
滚蛋,1
国际,1
国家广电总局,1
国民,1
国新办,1
H,1
过关,1
过会,1
过于,1
^後,1
是,1
在,1
海报,1
海底,1
海淀区,1
酣睡,1
含泪,1
韩国队,1
汉口,1
汗水,1
汗颜,1
捍卫,1
行为主体,1
行踪,1
好多,1
好贵,1
好受,1
好笑,1
好友,1
号鑫德嘉园,1
就,1
呵护,1
合成,1
合法性,1
合理,1
合同,1
合作,1
何时,1
何以,1
何止,1
黑白,1
黑色幽默,1
黑天鹅,1
很久,1
很久没,1
横滨,1
弘冰,1
红烧,1
红十字会,1
红星,1
虹鳟鱼,1
哄抬,1
后的,1
后勤,1
后因,1
呼和浩特,1
呼和浩特市,1
胡同,1
湖北日报,1
互动,1
互W,1
互通,1
互相,1
互助,1
护士,1
A南,1
话题,1
怀柔区,1
岩,1
欢快,1
环境卫生,1
换上,1
黄村镇,1
黄冈市,1
黄家湖,1
黄石市,1
挥洒,1
回避,1
回归,1
回过头来,1
汇聚,1
汇总,1
会晒,1
会同,1
R,1
昏黄,1
活过来,1
活泼,1
火锅,1
火速,1
或是,1
@悉,1
基于,1
C,1
eO因素,1
激励,1
激烈,1
激起,1
吉林省,1
极了,1
即将,1
即可,1
即日起,1
即使,1
亟待,1
急救室,1
急送,1
急需,1
急躁,1
急诊,1
集体,1
集团公司,1
集F,1
集中,1
集中力量,1
几百位,1
几番,1
几个,1
几家,1
几句,1
几句话,1
几日,1
,1
计入,1
记得,1
记过,1
记忆,1
纪监委,1
纪检,1
纪录片,1
纪委,1
季节,1
,1
迹象,1
既有,1
寄存,1
加班,1
加缪,1
加速,1
家庭成员,1
嘉宾,1
嘉铭园,1
夹杂,1
戛然而止,1
驾鹤,1
架次,1
尖锐,1
坚定,1
坚强,1
肩膀,1
监察科,1
监督,1
监督管理,1
远ㄐ判,1
Q,1
允,1
Oo室,1
检验,1
减轻,1
简化,1
简简单单,1
z出,1
见长,1
见证,1
见诸,1
建工,1
建设,1
建委,1
建筑,1
建筑面积,1
践踏,1
鉴别,1
江岸区,1
江湾,1
江夏区,1
将会,1
将来,1
奖金,1
降级,1
交出,1
交付使用,1
交流,1
交替,1
交通工具,1
角色,1
脚踏实地,1
较少,1
接|,1
接回,1
接近,1
接收,1
接线,1
接着,1
接\,1
揭开,1
街上,1
节日,1
捷报,1
Y果,1
c,1
截止,1
解决,1
解开,1
解释,1
介B,1
界面,1
诫勉,1
今后,1
今起,1
今时,1
今天下午,1
今晚,1
仅仅,1
紧张,1
锦州,1
o急,1
o急通知,1
尽管如此,1
尽量,1
尽其所能,1
尽全力,1
尽是,1
进程,1
进军,1
近几日,1
近况,1
近年来,1
近期,1
禁止,1
京报,1
京报网,1
经爱尔,1
荆门市,1
荆州市,1
惊鸿一瞥,1
惊雷,1
惊天,1
^,1
精品课程,1
精致,1
警,1
警察,1
警权,1
警钟,1
竟然,1
敬告,1
静立,1
镜头,1
镜像,1
纠结,1
究竟,1
酒酣耳热,1
就要,1
就医,1
就\,1
居心叵测,1
驹章,1
鞠个,1
局外人,1
举办,1
举国,1
巨变,1
具备,1
具名,1
,1
l健委,1
悉,1
眷恋,1
决绝,1
卡西姆,1
开打,1
开端,1
开会,1
开来,1
开朗,1
开门红,1
开学,1
开宗明义,1
看出,1
看法,1
看满田,1
看似,1
看书,1
看着,1
扛下,1
扛着,1
抗新冠,1
抗着,1
抗争,1
苛责,1
科技,1
科普,1
科学家,1
科学认识,1
科学研究,1
科员,1
可不,1
可供,1
可控,1
可乐,1
可是,1
可向,1
可抑制,1
可真,1
渴求,1
克星,1
客舱,1
客观,1
客座率,1
课程,1
肯定性,1
空荡,1
空间,1
空气,1
空心菜,1
恐慌,1
控制中心,1
口号,1
口吻,1
苦难,1
夸大其词,1
跨地区,1
快速反应,1
宽容,1
溃败,1
蜡烛,1
来到,1
来过,1
来换,1
来看,1
来了,1
来说,1
来源于,1
浪费,1
劳务,1
牢骚满腹,1
老老实实,1
老人,1
老师,1
泪文,1
累死,1
冷静下来,1
离场,1
离汉,1
x_,1
x去,1
李金,1
李文亮太,1
李秀明,1
理念,1
理事长,1
理应,1
理由,1
力度,1
力量,1
历程,1
历时,1
历史,1
立刻,1
立志,1
利益,1
例为,1
例无,1
例有,1
例C,1
连续,1
连夜,1
联合,1
联合国,1
联系方式,1
联线,1
脸上,1
粮油,1
两起,1
两人,1
两三天,1
商,1
亮出,1
辽宁,1
聊表寸心,1
嘹亮,1
邻家,1
临时,1
临时性,1
吝惜,1
灵魂,1
零点,1
领导小组,1
领域,1
另一家,1
留党察看,1
流,1
流汗,1
流行病学,1
流泪,1
柳叶刀,1
六个,1
六年,1
六月份,1
六张,1
楼门口,1
卢祥勇,1
鲁谷,1
陆续,1
录入,1
伦理,1
逻辑,1
落后,1
落下,1
绿色,1
妈家,1
妈家待,1
麻痹,1
麻烦,1
骂娘,1
买来,1
迈克尔,1
卖力,1
满足感,1
漫延,1
盲目,1
茫茫人海,1
没出,1
没事,1
没太,1
没往,1
每当,1
每道,1
每,1
每户,1
每条,1
每条称,1
蒙蒙亮,1
猛于虎,1
梦想,1
迷糊,1
免费,1
免疫力,1
缅怀,1
面积,1
面临,1
面目,1
面试,1
苗头,1
民间,1
民生,1
民族,1
敏感,1
名义,1
明灯,1
明确,1
明显,1
明@,1
铭记,1
模块化,1
末尾,1
莫名,1
某些,1
母公司,1
募捐,1
拿下,1
哪个,1
哪了,1
那场,1
那次,1
那段,1
那句,1
那里,1
那条,1
那位,1
那阵子,1
男性,1
男主角,1
南方,1
南京,1
难辨,1
难道,1
难吗,1
难免,1
难受,1
y^,1
内部,1
内蒙古自治区,1
尼玛,1
拟入,1
拟于,1
逆转,1
年底,1
年仅,1
年前,1
年入,1
年生,1
年终总结,1
念念,1
宁愿,1
凝聚,1
凝神,1
凝心,1
农村,1
农民工,1
女患者,1
女篮,1
女士,1
呕吐,1
偶然,1
判断力,1
判,1
跑出去,1
配额,1
配图,1
澎湃,1
碰撞,1
篇幅,1
飘洒,1
拼搏,1
频密,1
平民百姓,1
平平常常,1
平日,1
平r,1
平稳,1
评价,1
评论员,1
凭吊,1
破万,1
铺满,1
朴素,1
普遍,1
七个,1
七科,1
妻儿,1
期望,1
齐宝成,1
齐金钊,1
其成,1
其它,1
其同院,1
其余,1
歧视,1
R心f力,1
企业界,1
启迪,1
起居,1
气管,1
气可鼓,1
气来,1
气质,1
迄今,1
汽车,1
恰恰,1
千百遍,1
牵动人心,1
牵挂,1
签署,1
前段,1
前放,1
前行,1
前几日,1
前列,1
前去,1
前日,1
前三名,1
前台,1
前往,1
潜江市,1
{,1
强大,1
强化,1
强烈,1
强制措施,1
抢救室,1
抢人,1
敲出,1
敲打,1
敲响,1
敲响警钟,1
敲,1
敲钟人,1
切做好,1
亲友,1
勤奋,1
轻率,1
轻柔,1
轻易,1
清白,1
清算,1
情感,1
情势,1
擎光,1
请求,1
c祝,1
秋日,1
求援,1
区别,1
趋利避害,1
趋势,1
渠道,1
取得成效,1
去扰,1
圈子里,1
全过程,1
全力以赴,1
全年,1
全球,1
全省,1
全是,1
全文,1
全文如下,1
全,1
痊愈,1
缺少,1
确因,1
_定,1
群聊,1
燃眉之急,1
让人,1
热传,1
热点,1
热议,1
人不眠,1
人类,1
人,1
人民法院,1
人民共和国,1
人民网,1
人民战争,1
人民政权,1
人命,1
人能,1
人身,1
人士处,1
人世,1
人世间,1
人受,1
人,1
人文,1
人心所向,1
忍俊不禁,1
认可,1
认同,1
认真,1
J,1
仍在院,1
日爱尔,1
日本料理,1
日称,1
日电,1
日后,1
日,1
日内瓦,1
日时,1
日新发,1
日转,1
融入,1
肉搏,1
肉蛋,1
如不灭,1
如数,1
如同,1
如有,1
如遇,1
如愿,1
入冬,1
入梦,1
入群,1
若干,1
赛车,1
三个,1
三根,1
三年,1
三是,1
散布,1
扫描,1
Y查,1
山水,1
善待,1
商品价格,1
上班时间,1
上称,1
上传,1
上会,1
上去,1
上市,1
上述,1
尚有,1
稍早,1
哨,1
哨音,1
舌尖,1
设计院,1
设置,1
社会保障部,1
社会关系,1
社,1
社区卫生,1
社长,1
z氏度,1
身材,1
身处,1
身后,1
身为,1
身子,1
深处,1
深深,1
深痛,1
深知,1
审查,1
肾上腺素,1
升高,1
升学,1
生病,1
生产量,1
生动,1
生命攸关,1
生死,1
生肖,1
明,1
省市,1
失守,1
施救,1
十分钟,1
十几个,1
十几天,1
十堰市,1
石景山区,1
时不时,1
时光,1
时解,1
时刻,1
时配,1
时期,1
时时,1
时许,1
时至,1
实际行动,1
实际上,1
实物,1
实习生,1
实现,1
实质,1
食物,1
食欲不佳,1
r候,1
rD,1
r期,1
使命,1
始终,1
示警,1
示人,1
世l,1
市,1
市工信,1
市^,1
市政府,1
势必会,1
势头,1
事关,1
事后,1
事经,1
事实真相,1
事态,1
事务局,1
事项,1
事业,1
试错,1
试剂,1
试想,1
视点,1
拭干,1
是谁,1
是为,1
逝去,1
┖,1
D,1
放,1
收藏,1
收集,1
收入,1
手里,1
手写,1
守候,1
守望相助,1
首场,1
首飞,1
首份,1
首位,1
首席记者,1
受其,1
受药,1
受众,1
授课,1
授,1
售假,1
瘦下去,1
书流,1
书上,1
梳理,1
舒服,1
属实,1
属于,1
署名文章,1
数次,1
数据,1
数量,1
数千名,1
数已,1
,1
衰竭,1
双黄连,1
双盲,1
双手,1
水平,1
顺理成章,1
顺利,1
瞬间,1
说道,1
说起,1
说真的,1
死亡率,1
死亡数,1
死亡威胁,1
死者,1
四道,1
四口,1
肆虐,1
松懈,1
送上,1
送往,1
搜是,1
肃然起敬,1
酸甜,1
m然,1
随笔,1
随机,1
随州市,1
S後,1
缩短,1
所属,1
所说,1
所需,1
所要,1
所在单位,1
所知,1
所作,1
所作所为,1
他常,1
他就,1
他,1
他人,1
他f,1
它们,1
踏实,1
台湾地区,1
太多,1
太少,1
太帅,1
太远,1
态势,1
泰式,1
谈话,1
坦诚,1
坦然,1
炭烤,1
碳水化合物,1
唐华,1
陶家湾,1
讨饭,1
特此,1
特地,1
提到,1
提防,1
提前,1
题材,1
题图,1
},1
体现,1
体育馆,1
天翠,1
天地,1
天津,1
天津市,1
天军,1
天里,1
天亮,1
天门市,1
挑战,1
调度,1
调回,1
帖子,1
贴切,1
听得见,1
听过,1
听说,1
停摆,1
停顿,1
停靠在,1
停课,1
停留,1
停运,1
挺过,1
通,1
通道,1
通电话,1
通行证,1
通话,1
通往,1
同班同学,1
同胞,1
同步,1
同行,1
同理,1
同期相比,1
同日,1
同r,1
同组,1
统合,1
统一,1
痛悼,1
痛心,1
头目,1
头上,1
投入使用,1
透过,1
透明,1
透明度,1
突发,1
突如其来,1
图为,1
FY一致,1
推测,1
推到,1
推动,1
推翻,1
推进,1
推特,1
推文,1
退票,1
退缩,1
外卖,1
外面,1
丸子,1
完毕,1
完善,1
完整,1
挽歌,1
晚饭,1
万疾控,1
万平方米,1
f分,1
f人次,1
f,1
汪巍,1
亡羊补牢,1
王春明,1
王璐,1
网易,1
往期,1
往日,1
Wj,1
旺盛,1
危害,1
危害性,1
危机,1
危重症,1
微博博主称,1
微博称,1
微博发,1
微博晒,1
微不足道,1
微末,1
微评,1
微弱,1
为此,1
为何,1
违法活动,1
榘,1
楹,1
唯恐,1
唯有,1
维生素,1
委派,1
委托,1
委向,1
委也,1
委员,1
卫健,1
卫健委对,1
卫健委官,1
卫健委向,1
卫生学,1
未,1
未来,1
味道,1
胃肠,1
l健委向,1
l生部T,1
魏佳,1
温暖,1
囟,1
文风,1
文广,1
文静,1
文图,1
文中,1
稳定人心,1
问过,1
问话,1
问及,1
问他,1
问询,1
我待,1
污水,1
污物,1
无尘,1
无从,1
无地自容,1
无端,1
无关,1
无奈,1
无情,1
无所,1
无意识,1
吴小飞,1
吴彦祖,1
五颗星,1
五里,1
五岁,1
武汉协和医院,1
误解,1
西班牙,1
西城区,1
西行,1
西街,1
西路,1
西雅图,1
吸{,1
牺牲,1
淅沥,1
嬉笑怒骂,1
习惯于,1
喜悦,1
细究,1
细雨,1
细则,1
虾仁,1
^,1
下班,1
下来,1
下去,1
下意识,1
夏季,1
仙桃市,1
先行,1
先寄,1
先是,1
鲜活,1
鲜肉,1
鲜少,1
咸宁市,1
显效,1
险企,1
现将,1
现金,1
现下,1
现向,1
现象,1
现状,1
F象,1
F在,1
羡慕,1
献计献策,1
乡恒大,1
相比,1
相比之下,1
相对,1
相互,1
相结合,1
相同,1
相遇,1
香港,1
香港特别行政区,1
详细,1
享受,1
想法,1
想要,1
想着,1
向前,1
向阳,1
目,1
消毒,1
消化系统,1
消磨,1
消失,1
消息来源,1
萧萧,1
小分,1
小孩,1
小伙子,1
小时候,1
小r,1
小心,1
小爷,1
孝感市,1
校对,1
效率,1
效应,1
协和,1
协力,1
协作,1
携带,1
携起手来,1
写有,1
心得,1
心动,1
心怀,1
心结,1
心理活动,1
心满意足,1
心目,1
心碎,1
心外,1
心心念念,1
辛苦,1
新病毒,1
新城,1
新城区,1
新加坡,1
新街口,1
新路,1
新年好,1
新闻记者,1
新蟮,1
新学期,1
新周刊,1
薪金,1
信群发,1
信中,1
邢怡桥,1
形成,1
形,1
形象,1
醒来,1
凶恶,1
兄弟,1
胸部,1
修改,1
宿主,1
虚度,1
虚心接受,1
许多,1
许下,1
许许多多,1
叙述,1
续集,1
宣传司,1
宣告,1
宣示,1
悬挂,1
学会,1
学术,1
雪洁,1
讯号,1
殉城,1
殉职,1
殉,1
压缩,1
亚华,1
延迟,1
延长,1
严厉,1
严重,1
严重危害,1
言,1
栏,1
谰,1
眼科t院,1
眼前,1
眼下,1
眼压,1
眼罩,1
砚池,1
阳光,1
杨新华,1
性,1
养成,1
遥不可及,1
药品,1
要选,1
钥匙,1
也门,1
也为,1
野生动物,1
业务,1
夜晚,1
夜未央,1
一本正经,1
一边,1
一大早,1
一旦,1
一道,1
一地,1
一段时间,1
一儿,1
一方,1
一幅,1
一个个,1
一根,1
一过,1
一家,1
一件,1
一角,1
一具,1
一颗,1
一刻,1
一款,1
一脸,1
一篇,1
一片,1
一妻,1
一切权利,1
一曲,1
一生,1
一事,1
一是,1
一丝,1
一体,1
一l,1
一,1
一以贯之,1
一语,1
一N,1
一,1
一子,1
衣原w,1
医患,1
医疗队,1
医务室,1
医学科,1
医学期刊,1
医学生,1
医用,1
医政医,1
医治无效,1
依法查处,1
依法追究,1
依靠,1
to人T,1
t界,1
宜昌市,1
遗忘,1
疑为,1
z憾,1
已然,1
已有,1
已缘,1
以此,1
以,1
以身,1
以为,1
以,1
以一己,1
亿人,1
异常者,1
易感,1
易跃雄,1
疫苗,1
意涵,1
意识,1
溢于言表,1
因而,1
因其,1
因新冠,1
因缘际会,1
阴冷,1
音频,1
J佩,1
引来,1
引领,1
引起,1
引以,1
饮食,1
印l,1
英国,1
英灵,1
英雄主义,1
迎来,1
迎y而上,1
营房,1
营业,1
瀛海,1
影,1
应当,1
应激反应,1
应试,1
应约,1
,1
永别,1
用地,1
用房,1
用户,1
用品,1
用r,1
用於,1
用于,1
优先,1
由市,1
由衷,1
油菜花,1
[客,1
友人,1
有机,1
有利l件,1
有所,1
有误,1
有限,1
有序,1
于彪,1
于是,1
于无声处,1
余力,1
余蔚平,1
鱼丸,1
与勒痕,1
宇宙,1
雨后,1
雨水,1
玉泉,1
预料到,1
预判,1
预选赛,1
遇上,1
冤屈,1
袁野,1
原材料,1
原创,1
原话,1
原则上,1
源头,1
源头活水,1
远避,1
远程教学,1
远方,1
远洋,1
h超^,1
怨恨,1
院校,1
愿望,1
愿意,1
约谈,1
月底,1
月份,1
月入,1
月坛,1
越南,1
越走越远,1
酚^,1
云南省,1
云墅,1
云晓东,1
孕妇,1
运行,1
运回,1
运会,1
运输量,1
杂感,1
灾祸,1
灾情,1
仔细,1
再难,1
再三,1
再输,1
再袭,1
再也,1
再有,1
在场,1
在肩,1
在抗,1
在那,1
在天之灵,1
在外,1
在我看来,1
在意,1
暂扣,1
赞美,1
赞颂,1
赞叹不已,1
遭受,1
糟糕,1
早期,1
早日,1
早日康复,1
早些r候,1
早已,1
枣阳市,1
造{,1
责令,1
责任编辑,1
责任心,1
增多,1
炸鸡,1
炸开,1
詹姆斯,1
展开,1
展览路,1
展F出,1
战场,1
战地,1
战士,1
战役,1
战争,1
痿Y,1
张若昀,1
张天,1
张贴,1
长城,1
长得帅,1
长期,1
长时间,1
长长的,1
掌握,1
账号,1
~,1
招聘会,1
昭示,1
找出,1
赵迪,1
照亮,1
这笔,1
这道,1
这段,1
这段话,1
这股,1
这批,1
这事,1
这一关,1
@,1
@次,1
@N,1
浙江,1
珍惜,1
真假,1
真理,1
真是,1
甄别,1
\,1
震撼,1
镇金茂悦,1
正确处理,1
证伪,1
政权,1
政务,1
政治,1
政治经济,1
挣得,1
之初,1
之间,1
之力,1
之外,1
之下,1
之中,1
支出,1
支原w,1
只不过,1
知情人,1
知识,1
知晓,1
执行,1
直播,1
直觉,1
直截了当,1
直市,1
职责,1
指,1
指出,1
指令,1
指示,1
指向,1
至此,1
至上,1
志业,1
制裁,1
制定,1
制服,1
制假,1
制品,1
制作,1
致哀,1
中称,1
中发,1
中l,1
中国政府,1
中华民族,1
中华人民共和国,1
中南,1
中年男人,1
中年人,1
中去,1
中学生,1
中招,1
中证网,1
中桩,1
忠诚,1
终会,1
钟爱,1
钟声,1
R南山,1
种种,1
众多,1
众力,1
众说,1
众说纷纭,1
重病,1
重大I,1
重蹈,1
重点项目,1
重返,1
重获,1
重量,1
重庆,1
重任,1
重演,1
重用,1
周报,1
周鸿t,1
周B,1
周倩,1
周桢,1
诸多困难,1
逐年,1
主动权,1
主流,1
主席,1
住院部,1
注定,1
驻足,1
祝福,1
祝您,1
抓住,1
专用,1
专注,1
转告,1
转往,1
转移,1
转载,1
庄村,1
装备,1
装车,1
装睡,1
b,1
追究,1
追剧,1
追星,1
谆谆告诫,1
准则,1
蚀_,1
资格赛,1
资深,1
资源,1
滋生,1
紫竹院,1
自报,1
自查,1
自嘲,1
自动,1
自觉,1
自来水,1
自然,1
自始至终,1
自我批评,1
自言,1
自治^,1
综合,1
综合执法,1
踪迹,1
总计,1
总社,1
总有,1
总在,1
走到,1
走过,1
走进,1
走上,1
足够,1
足球,1
阻击,1
阻塞,1
组成员,1
M,1
嘴边,1
最大公约数,1
最短,1
最多,1
最美,1
最南端,1
最小,1
最新进展,1
最K,1
罪行,1
遵从,1
昨天晚上,1
左脚,1
作品,1
做错,1
做到,1
